"Ingles";"Espanol"
"Above";"Encima de"
"Address";"Dirección"
"Afraid";"Asustado"
"After";"Después"
"Age";"Edad"
"All";"Todo"
"All right";"Está bien"
"Along";"A lo largo de"
"Always";"Siempre"
"Another";"Otro"
"Any";"Algún / cualquiera"
"App";"Aplicación"
"Around";"Alrededor de"
"Asleep";"Dormido"
"At (prep of time)";"A las (tiempo)"
"Aunt";"Tía"
"Awake";"Despierto"
"Back";"Espalda"
"Bad";"Malo"
"Badly";"Mal"
"Balcony";"Balcón"
"Band (music)";"Grupo (música)"
"Basement";"Sótano"
"Bat";"Murciélago"
"Be called";"Llamarse"
"Beard";"Barba"
"Because";"Porque"
"Before";"Antes"
"Below";"Debajo"
"Best";"Mejor"
"Better";"Mejor"
"Blanket";"Manta"
"Blond(e)";"Rubio"
"Boring";"Aburrido"
"Both";"Ambos"
"Bottle";"Botella"
"Bottom";"Fondo"
"Bowl";"Cuenco"
"Brave";"Valiente"
"Break";"Romper"
"Brilliant";"Brillante"
"Bring";"Traer"
"Build";"Construir"
"Building";"Edificio"
"Bus station";"Estación de autobuses"
"Bus stop";"Parada de autobús"
"Busy";"Ocupado"
"Buy";"Comprar"
"By";"Por"
"Café";"Cafetería"
"Cage";"Jaula"
"Call";"Llamar"
"Car park";"Aparcamiento"
"Careful";"Cuidadoso"
"Carefully";"Cuidadosamente"
"Carry";"Llevar, transportar"
"Catch (e.g. A bus)";"Coger, atrapar"
"CD";"CD"
"Centre (US center)";"Centro"
"Change";"Cambiar"
"Charlie";"Charlie"
"Cheese";"Queso"
"Cinema";"Cine"
"Circle";"Círculo"
"Circus";"Circo"
"City";"Ciudad"
"City/town centre (US center)";"Centro de la ciudad"
"Clare";"Clare"
"Clever";"Listo"
"Climb";"Escalar"
"Cloud";"Nube"
"Cloudy";"Nublado"
"Clown";"Payaso"
"Coat";"Abrigo"
"Coffee";"Café"
"Cold";"Frío"
"Come on";"Vamos"
"Comic";"Cómic"
"Comic book";"Tebeo"
"Cook";"Cocinar"
"Cough";"Toser"
"Could (as in past of can for ability)";"Podía"
"Country";"País"
"Countryside";"Campo"
"Cry";"Llorar"
"Cup";"Taza"
"Curly";"Rizado"
"Daisy";"Daisy"
"Dance";"Bailar"
"Dangerous";"Peligroso"
"Daughter";"Hija"
"Dentist";"Dentista"
"Difference";"Diferencia"
"Different";"Diferente"
"Difficult";"Difícil"
"Doctor";"Médico"
"Dolphin";"Delfín"
"Down";"Abajo"
"Downstairs";"Abajo (planta inferior)"
"Dream";"Soñar"
"Dress up";"Disfrazarse"
"Drive";"Conducir"
"Driver";"Conductor"
"Drop";"Dejar caer"
"Dry";"Seco"
"DVD";"DVD"
"Earache";"Dolor de oído"
"Easy";"Fácil"
"E-book";"Libro electrónico"
"Elevator (UK lift)";"Ascensor"
"Email";"Correo electrónico"
"Every";"Cada"
"Everyone";"Todo el mundo"
"Everything";"Todo"
"Exciting";"Emocionante"
"Excuse me dis";"Perdón"
"Fair";"Justo"
"Fall";"Caerse"
"Famous";"Famoso"
"Farm";"Granja"
"Farmer";"Granjero"
"Fat";"Gordo"
"Feed";"Alimentar"
"Field";"Campo"
"Film (US movie)";"Película"
"Film (US movie) star";"Estrella de cine"
"Fine";"Bien"
"First";"Primero"
"Fish";"Pez"
"Fix";"Arreglar"
"Floor (e.g. Ground, 1st, etc.)";"Planta"
"Fly";"Volar"
"Forest";"Bosque"
"Fred";"Fred"
"Friday";"Viernes"
"Frightened";"Asustado"
"Funfair";"Feria"
"Get dressed";"Vestirse"
"Get off";"Bajarse"
"Get on";"Subirse"
"Get undressed";"Desvestirse"
"Get up";"Levantarse"
"Glass";"Vaso"
"Go shopping";"Ir de compras"
"Goal";"Gol"
"Granddaughter";"Nieta"
"Grandparent";"Abuelo / abuela"
"Grandson";"Nieto"
"Grass";"Césped"
"Ground";"Suelo"
"Grow";"Crecer"
"Grown-up";"Adulto"
"Have (got) to";"Tener que"
"Headache";"Dolor de cabeza"
"Helmet";"Casco"
"Help";"Ayudar"
"Hide";"Esconder"
"Holiday";"Vacaciones"
"Homework";"Deberes"
"Hop";"Saltar"
"Hospital";"Hospital"
"Hot";"Caliente"
"How";"Cómo"
"How much";"Cuánto"
"How often";"Con qué frecuencia"
"Huge";"Enorme"
"Hundred";"Hundred"
"Hungry";"Hambriento"
"Hurt";"Hacer daño"
"Ice";"Hielo"
"Ice skates";"Patines de hielo"
"Ice skating";"Patinaje sobre hielo"
"Idea";"Idea"
"Ill";"Enfermo"
"Inside";"Dentro"
"Internet";"Internet"
"Into";"Dentro de"
"Invite";"Invitar"
"Island";"Isla"
"Jack";"Jack"
"Jane";"Jane"
"Jim";"Jim"
"Julia";"Julia"
"Jungle";"Jungla"
"Kangaroo";"Canguro"
"Kick";"Dar una patada"
"Kind";"Amable"
"Kitten";"Gatito"
"Lake";"Lago"
"Laptop";"Portátil"
"Last";"Último"
"Laugh";"Reír"
"Leaf/leaves";"Hoja / hojas"
"Library";"Biblioteca"
"Lift (US elevator)";"Ascensor"
"Lily";"Lily"
"Lion";"León"
"Little";"Pequeño"
"Look for";"Buscar"
"Lose";"Perder"
"Loud";"Ruidoso"
"Loudly";"Ruidosamente"
"Machine";"Máquina"
"Map";"Mapa"
"Market";"Mercado"
"Mary";"Mary"
"Matter";"Importar"
"Mean";"Significar"
"Message";"Mensaje"
"Milkshake";"Batido"
"Mistake";"Error"
"Model";"Modelo"
"Monday";"Lunes"
"Moon";"Luna"
"More";"Más"
"Most";"La mayoría"
"Mountain";"Montaña"
"Moustache";"Bigote"
"Move";"Mover"
"Movie (UK film)";"Película"
"Must";"Deber"
"Naughty";"Travieso"
"Near";"Cerca"
"Neck";"Cuello"
"Need";"Necesitar"
"Net";"Red"
"Never";"Nunca"
"Noise";"Ruido"
"Noodles";"Fideos"
"Nothing";"Nada"
"Nurse";"Enfermera"
"O’clock";"En punto"
"Off";"Apagado"
"Often";"A menudo"
"On (prep of time)";"En (tiempo)"
"Only";"Solo"
"Opposite";"Opuesto"
"Out";"Fuera"
"Out of";"Fuera de"
"Outside";"Afuera"
"Pair";"Par"
"Pancake";"Tortita"
"Panda";"Panda"
"Parent";"Padre / madre"
"Parrot";"Loro"
"Party";"Fiesta"
"Pasta";"Pasta"
"Paul";"Paul"
"Penguin";"Pingüino"
"Peter";"Peter"
"Picnic";"Picnic"
"Pirate";"Pirata"
"Place";"Lugar"
"Plant";"Planta"
"Plate";"Plato"
"Player";"Jugador"
"Pool";"Piscina"
"Pop star";"Estrella del pop"
"Practice";"Práctica"
"Practise";"Practicar"
"Present";"Regalo"
"Pretty";"Bonito"
"Puppy";"Cachorro"
"Put on";"Ponerse"
"Quick";"Rápido"
"Quickly";"Rápidamente"
"Quiet";"Tranquilo"
"Quietly";"Tranquilamente"
"Rabbit";"Conejo"
"Rain";"Lluvia"
"Rainbow";"Arcoíris"
"Ride";"Montar"
"River";"Río"
"Road";"Carretera"
"Rock";"Roca"
"Roller skates";"Patines"
"Roller skating";"Patinaje"
"Roof";"Techo"
"Round";"Redondo"
"Safe";"Seguro"
"Sail";"Navegar"
"Salad";"Ensalada"
"Sally";"Sally"
"Sandwich";"Sándwich"
"Saturday";"Sábado"
"Sauce";"Salsa"
"Scarf";"Bufanda"
"Score";"Marcar"
"Seat";"Asiento"
"Second";"Segundo"
"Send";"Enviar"
"Shall";"Debería"
"Shape";"Forma"
"Shark";"Tiburón"
"Shop";"Tienda"
"Shopping";"Compras"
"Shopping centre (US center)";"Centro comercial"
"Shoulder";"Hombro"
"Shout";"Gritar"
"Shower";"Ducha"
"Sick";"Enfermo"
"Skate";"Patinar"
"Skip";"Saltar a la comba"
"Sky";"Cielo"
"Slow";"Lento"
"Slowly";"Lentamente"
"Snail";"Caracol"
"Snow";"Nieve"
"Someone";"Alguien"
"Something";"Algo"
"Sometimes";"A veces"
"Son";"Hijo"
"Soup";"Sopa"
"Sports centre(US center)";"Polideportivo"
"Square";"Cuadrado"
"Stair(s)";"Escalera(s)"
"Star";"Estrella"
"Station";"Estación"
"Stomach";"Estómago"
"Stomach-ache";"Dolor de estómago"
"Straight";"Recto"
"Strong";"Fuerte"
"Sunday";"Domingo"
"Sunny";"Soleado"
"Supermarket";"Supermercado"
"Surprised";"Sorprendido"
"Sweater";"Jersey"
"Sweet";"Dulce"
"Swim";"Nadar"
"Swimming pool";"Piscina"
"Swimsuit";"Bañador"
"Take";"Tomar"
"Take off (i.e. Get undressed)";"Quitarse"
"Tall";"Alto"
"Tea";"Té"
"Teach";"Enseñar"
"Temperature";"Temperatura"
"Terrible";"Terrible"
"Text";"Mensaje de texto"
"Than";"Que"
"Then";"Entonces"
"Thin";"Delgado"
"Think";"Pensar"
"Third";"Tercero"
"Thirsty";"Sediento"
"Thursday";"Jueves"
"Ticket";"Entrada"
"Tired";"Cansado"
"Tooth/teeth";"Diente / dientes"
"Toothache";"Dolor de muelas"
"Toothbrush";"Cepillo de dientes"
"Toothpaste";"Pasta de dientes"
"Top";"Parte superior"
"Towel";"Toalla"
"Town";"Pueblo"
"Town/city centre (US center)";"Centro de la ciudad"
"Tractor";"Tractor"
"Travel";"Viajar"
"Treasure";"Tesoro"
"Trip";"Excursión"
"Tuesday";"Martes"
"Uncle";"Tío"
"Up";"Arriba"
"Upstairs";"Arriba (planta superior)"
"Vegetable";"Verdura"
"Vicky";"Vicky"
"Video";"Vídeo"
"Village";"Pueblo"
"Wait";"Esperar"
"Wake (up)";"Despertarse"
"Walk";"Caminar"
"Wash";"Lavar"
"Water";"Agua"
"Waterfall";"Cascada"
"Wave";"Ola"
"Weak";"Débil"
"Weather";"Tiempo"
"Website";"Sitio web"
"Wednesday";"Miércoles"
"Week";"Semana"
"Weekend";"Fin de semana"
"Well";"Bien"
"Wet";"Mojado"
"Whale";"Ballena"
"When";"Cuándo"
"Where";"Dónde"
"Which";"Cuál"
"Who";"Quién"
"Why";"Por qué"
"Wind";"Viento"
"Windy";"Ventoso"
"Work";"Trabajar"
"World";"Mundo"
"Worse";"Peor"
"Worst";"El peor, lo peor"
"Would";"Haría"
"Wrong";"Incorrecto"
"Yesterday";"Ayer"
"Zoe";"Zoe"
"1";"One"
"2";"Two"
"3";"Three"
"4";"Four"
"5";"Five"
"6";"Six"
"7";"Seven"
"8";"Eight"
"9";"Nine"
"10";"Ten"
"11";"Eleven"
"12";"Twelve"
"13";"Thirteen"
"14";"Fourteen"
"15";"Fifteen"
"16";"Sixteen"
"17";"Seventeen"
"18";"Eighteen"
"19";"Nineteen"
"20";"Twenty"
"21";"Twenty-one"
"22";"Twenty-two"
"23";"Twenty-three"
"24";"Twenty-four"
"25";"Twenty-five"
"26";"Twenty-six"
"27";"Twenty-seven"
"28";"Twenty-eight"
"29";"Twenty-nine"
"30";"Thirty"
"31";"Thirty-one"
"32";"Thirty-two"
"33";"Thirty-three"
"34";"Thirty-four"
"35";"Thirty-five"
"36";"Thirty-six"
"37";"Thirty-seven"
"38";"Thirty-eight"
"39";"Thirty-nine"
"40";"Forty"
"41";"Forty-one"
"42";"Forty-two"
"43";"Forty-three"
"44";"Forty-four"
"45";"Forty-five"
"46";"Forty-six"
"47";"Forty-seven"
"48";"Forty-eight"
"49";"Forty-nine"
"50";"Fifty"
"51";"Fifty-one"
"52";"Fifty-two"
"53";"Fifty-three"
"54";"Fifty-four"
"55";"Fifty-five"
"56";"Fifty-six"
"57";"Fifty-seven"
"58";"Fifty-eight"
"59";"Fifty-nine"
"60";"Sixty"
"61";"Sixty-one"
"62";"Sixty-two"
"63";"Sixty-three"
"64";"Sixty-four"
"65";"Sixty-five"
"66";"Sixty-six"
"67";"Sixty-seven"
"68";"Sixty-eight"
"69";"Sixty-nine"
"70";"Seventy"
"71";"Seventy-one"
"72";"Seventy-two"
"73";"Seventy-three"
"74";"Seventy-four"
"75";"Seventy-five"
"76";"Seventy-six"
"77";"Seventy-seven"
"78";"Seventy-eight"
"79";"Seventy-nine"
"80";"Eighty"
"81";"Eighty-one"
"82";"Eighty-two"
"83";"Eighty-three"
"84";"Eighty-four"
"85";"Eighty-five"
"86";"Eighty-six"
"87";"Eighty-seven"
"88";"Eighty-eight"
"89";"Eighty-nine"
"90";"Ninety"
"91";"Ninety-one"
"92";"Ninety-two"
"93";"Ninety-three"
"94";"Ninety-four"
"95";"Ninety-five"
"96";"Ninety-six"
"97";"Ninety-seven"
"98";"Ninety-eight"
"99";"Ninety-nine"
"100";"One hundred"
"1st";"First"
"2nd";"Second"
"3rd";"Third"
"4th";"Fourth"
"5th";"Fifth"
"6th";"Sixth"
"7th";"Seventh"
"8th";"Eighth"
"9th";"Ninth"
"10th";"Tenth"
"11th";"Eleventh"
"12th";"Twelfth"
"13th";"Thirteenth"
"14th";"Fourteenth"
"15th";"Fifteenth"
"16th";"Sixteenth"
"17th";"Seventeenth"
"18th";"Eighteenth"
"19th";"First"
"20th";"Second"
